sessionId,label_current_anomaly_sum,label_current_anomaly_mean,label_future_anomaly_5min_sum,label_future_anomaly_5min_mean,label_future_anomaly_10min_sum,label_future_anomaly_10min_mean,label_future_anomaly_15min_sum,label_future_anomaly_15min_mean,stationId_first,chargerId_first,scenario_first,rows
S000573,82,0.7735849056603774,24,0.22641509433962265,24,0.22641509433962265,24,0.22641509433962265,CSIPV-EUSY-008,CSIPV-EUSY-008,mixed_anomaly,106
S000313,156,0.7684729064039408,30,0.1477832512315271,47,0.2315270935960591,47,0.2315270935960591,CSIPV-EUSY-005,CSIPV-EUSY-005,efficiency_decline,203
S000297,128,0.7529411764705882,30,0.17647058823529413,42,0.24705882352941178,42,0.24705882352941178,CSIPV-EUSY-047,CSIPV-EUSY-047,thermal_drift,170
S000292,83,0.7477477477477478,28,0.25225225225225223,28,0.25225225225225223,28,0.25225225225225223,CSIPV-EUSY-026,CSIPV-EUSY-026,mixed_anomaly,111
S000612,130,0.7428571428571429,30,0.17142857142857143,45,0.2571428571428571,45,0.2571428571428571,CSIPV-EUSY-030,CSIPV-EUSY-030,thermal_drift,175
S000076,152,0.7414634146341463,30,0.14634146341463414,53,0.25853658536585367,53,0.25853658536585367,CSIPV-EUSY-001,CSIPV-EUSY-001,thermal_drift,205
S000419,74,0.74,26,0.26,26,0.26,26,0.26,CSIPV-EUSY-040,CSIPV-EUSY-040,thermal_drift,100
S000295,141,0.7230769230769231,30,0.15384615384615385,54,0.27692307692307694,54,0.27692307692307694,CSIPV-EUSY-033,CSIPV-EUSY-033,mixed_anomaly,195
S000608,99,0.7226277372262774,30,0.21897810218978103,38,0.2773722627737226,38,0.2773722627737226,CSIPV-EUSY-037,CSIPV-EUSY-037,efficiency_decline,137
S000465,105,0.7094594594594594,30,0.20270270270270271,43,0.2905405405405405,43,0.2905405405405405,CSIPV-EUSY-007,CSIPV-EUSY-007,efficiency_decline,148
S000219,82,0.7068965517241379,30,0.25862068965517243,34,0.29310344827586204,34,0.29310344827586204,CSIPV-EUSY-016,CSIPV-EUSY-016,mixed_anomaly,116
S000597,104,0.697986577181208,30,0.20134228187919462,45,0.30201342281879195,45,0.30201342281879195,CSIPV-EUSY-018,CSIPV-EUSY-018,efficiency_decline,149
S000439,109,0.6942675159235668,30,0.1910828025477707,48,0.3057324840764331,48,0.3057324840764331,CSIPV-EUSY-020,CSIPV-EUSY-020,efficiency_decline,157
S000144,100,0.6896551724137931,30,0.20689655172413793,45,0.3103448275862069,45,0.3103448275862069,CSIPV-EUSY-021,CSIPV-EUSY-021,efficiency_decline,145
S000047,166,0.6720647773279352,30,0.1214574898785425,60,0.242914979757085,81,0.32793522267206476,CSIPV-EUSY-048,CSIPV-EUSY-048,efficiency_decline,247
S000230,153,0.6710526315789473,30,0.13157894736842105,60,0.2631578947368421,75,0.32894736842105265,CSIPV-EUSY-035,CSIPV-EUSY-035,efficiency_decline,228
S000569,72,0.6666666666666666,30,0.2777777777777778,36,0.3333333333333333,36,0.3333333333333333,CSIPV-EUSY-014,CSIPV-EUSY-014,mixed_anomaly,108
S000446,90,0.6666666666666666,30,0.2222222222222222,45,0.3333333333333333,45,0.3333333333333333,CSIPV-EUSY-026,CSIPV-EUSY-026,mixed_anomaly,135
S000012,50,0.6493506493506493,27,0.35064935064935066,27,0.35064935064935066,27,0.35064935064935066,CSIPV-EUSY-042,CSIPV-EUSY-042,thermal_drift,77
S000117,146,0.6375545851528385,30,0.13100436681222707,60,0.26200873362445415,83,0.3624454148471616,CSIPV-EUSY-030,CSIPV-EUSY-030,efficiency_decline,229
S000039,89,0.6357142857142857,30,0.21428571428571427,51,0.36428571428571427,51,0.36428571428571427,CSIPV-EUSY-012,CSIPV-EUSY-012,efficiency_decline,140
S000454,75,0.635593220338983,30,0.2542372881355932,43,0.3644067796610169,43,0.3644067796610169,CSIPV-EUSY-019,CSIPV-EUSY-019,thermal_drift,118
S000098,76,0.628099173553719,30,0.24793388429752067,45,0.371900826446281,45,0.371900826446281,CSIPV-EUSY-003,CSIPV-EUSY-003,efficiency_decline,121
S000003,79,0.6220472440944882,30,0.23622047244094488,48,0.3779527559055118,48,0.3779527559055118,CSIPV-EUSY-011,CSIPV-EUSY-011,efficiency_decline,127
S000474,128,0.6066350710900474,30,0.14218009478672985,60,0.2843601895734597,83,0.3933649289099526,CSIPV-EUSY-046,CSIPV-EUSY-046,thermal_drift,211
S000242,66,0.6055045871559633,29,0.26605504587155965,29,0.26605504587155965,29,0.26605504587155965,CSIPV-EUSY-006,CSIPV-EUSY-006,communication_dropout,109
S000502,152,0.5984251968503937,30,0.11811023622047244,60,0.23622047244094488,90,0.3543307086614173,CSIPV-EUSY-037,CSIPV-EUSY-037,thermal_drift,254
S000154,55,0.5851063829787234,30,0.3191489361702128,39,0.4148936170212766,39,0.4148936170212766,CSIPV-EUSY-003,CSIPV-EUSY-003,mixed_anomaly,94
S000381,107,0.5846994535519126,30,0.16393442622950818,60,0.32786885245901637,76,0.41530054644808745,CSIPV-EUSY-026,CSIPV-EUSY-026,thermal_drift,183
S000433,47,0.5662650602409639,30,0.3614457831325301,36,0.43373493975903615,36,0.43373493975903615,CSIPV-EUSY-029,CSIPV-EUSY-029,thermal_drift,83
S000312,49,0.5632183908045977,28,0.3218390804597701,28,0.3218390804597701,28,0.3218390804597701,CSIPV-EUSY-038,CSIPV-EUSY-038,communication_dropout,87
S000467,116,0.5631067961165048,30,0.14563106796116504,60,0.2912621359223301,90,0.4368932038834951,CSIPV-EUSY-021,CSIPV-EUSY-021,efficiency_decline,206
S000414,66,0.559322033898305,30,0.2542372881355932,45,0.3813559322033898,45,0.3813559322033898,CSIPV-EUSY-048,CSIPV-EUSY-048,current_instability,118
S000210,71,0.5590551181102362,30,0.23622047244094488,56,0.4409448818897638,56,0.4409448818897638,CSIPV-EUSY-027,CSIPV-EUSY-027,efficiency_decline,127
S000193,89,0.55625,30,0.1875,60,0.375,71,0.44375,CSIPV-EUSY-043,CSIPV-EUSY-043,efficiency_decline,160
S000572,48,0.5517241379310345,30,0.3448275862068966,39,0.4482758620689655,39,0.4482758620689655,CSIPV-EUSY-022,CSIPV-EUSY-022,thermal_drift,87
S000407,131,0.5413223140495868,30,0.12396694214876033,60,0.24793388429752067,90,0.371900826446281,CSIPV-EUSY-014,CSIPV-EUSY-014,efficiency_decline,242
S000284,54,0.54,30,0.3,46,0.46,46,0.46,CSIPV-EUSY-019,CSIPV-EUSY-019,thermal_drift,100
S000298,66,0.528,30,0.24,49,0.392,49,0.392,CSIPV-EUSY-003,CSIPV-EUSY-003,voltage_sag,125
S000416,109,0.5240384615384616,30,0.14423076923076922,60,0.28846153846153844,90,0.4326923076923077,CSIPV-EUSY-046,CSIPV-EUSY-046,mixed_anomaly,208
S000380,93,0.5138121546961326,30,0.16574585635359115,60,0.3314917127071823,88,0.4861878453038674,CSIPV-EUSY-009,CSIPV-EUSY-009,efficiency_decline,181
S000459,91,0.5055555555555555,30,0.16666666666666666,60,0.3333333333333333,89,0.49444444444444446,CSIPV-EUSY-035,CSIPV-EUSY-035,thermal_drift,180
S000564,122,0.4899598393574297,95,0.3815261044176707,125,0.5020080321285141,127,0.5100401606425703,CSIPV-EUSY-004,CSIPV-EUSY-004,sensor_drift,249
S000229,41,0.4880952380952381,21,0.25,21,0.25,21,0.25,CSIPV-EUSY-023,CSIPV-EUSY-023,voltage_sag,84
S000393,61,0.48412698412698413,30,0.23809523809523808,60,0.47619047619047616,65,0.5158730158730159,CSIPV-EUSY-029,CSIPV-EUSY-029,efficiency_decline,126
S000340,68,0.4689655172413793,30,0.20689655172413793,47,0.32413793103448274,47,0.32413793103448274,CSIPV-EUSY-012,CSIPV-EUSY-012,current_instability,145
S000237,90,0.46632124352331605,30,0.15544041450777202,60,0.31088082901554404,90,0.46632124352331605,CSIPV-EUSY-004,CSIPV-EUSY-004,thermal_drift,193
S000214,48,0.46601941747572817,30,0.2912621359223301,55,0.5339805825242718,55,0.5339805825242718,CSIPV-EUSY-003,CSIPV-EUSY-003,efficiency_decline,103
S000027,112,0.4609053497942387,30,0.12345679012345678,60,0.24691358024691357,90,0.37037037037037035,CSIPV-EUSY-017,CSIPV-EUSY-017,mixed_anomaly,243
S000046,119,0.4594594594594595,30,0.11583011583011583,60,0.23166023166023167,90,0.3474903474903475,CSIPV-EUSY-026,CSIPV-EUSY-026,efficiency_decline,259
S000096,99,0.45622119815668205,84,0.3870967741935484,114,0.5253456221198156,118,0.543778801843318,CSIPV-EUSY-041,CSIPV-EUSY-041,sensor_drift,217
S000265,86,0.450261780104712,30,0.15706806282722513,60,0.31413612565445026,90,0.4712041884816754,CSIPV-EUSY-006,CSIPV-EUSY-006,mixed_anomaly,191
S000268,101,0.4488888888888889,30,0.13333333333333333,60,0.26666666666666666,90,0.4,CSIPV-EUSY-003,CSIPV-EUSY-003,efficiency_decline,225
S000558,57,0.44881889763779526,65,0.5118110236220472,70,0.5511811023622047,70,0.5511811023622047,CSIPV-EUSY-026,CSIPV-EUSY-026,sensor_drift,127
S000426,68,0.4473684210526316,30,0.19736842105263158,48,0.3157894736842105,48,0.3157894736842105,CSIPV-EUSY-005,CSIPV-EUSY-005,voltage_sag,152
S000403,41,0.44565217391304346,30,0.32608695652173914,45,0.4891304347826087,45,0.4891304347826087,CSIPV-EUSY-027,CSIPV-EUSY-027,voltage_sag,92
S000287,86,0.44329896907216493,30,0.15463917525773196,60,0.30927835051546393,90,0.4639175257731959,CSIPV-EUSY-001,CSIPV-EUSY-001,efficiency_decline,194
S000478,82,0.44324324324324327,30,0.16216216216216217,60,0.32432432432432434,90,0.4864864864864865,CSIPV-EUSY-032,CSIPV-EUSY-032,thermal_drift,185
S000139,46,0.4339622641509434,30,0.2830188679245283,33,0.3113207547169811,33,0.3113207547169811,CSIPV-EUSY-046,CSIPV-EUSY-046,voltage_sag,106
S000395,35,0.43209876543209874,30,0.37037037037037035,46,0.5679012345679012,46,0.5679012345679012,CSIPV-EUSY-041,CSIPV-EUSY-041,mixed_anomaly,81
S000584,107,0.42971887550200805,30,0.12048192771084337,60,0.24096385542168675,90,0.3614457831325301,CSIPV-EUSY-026,CSIPV-EUSY-026,thermal_drift,249
S000620,58,0.4264705882352941,30,0.22058823529411764,60,0.4411764705882353,72,0.5294117647058824,CSIPV-EUSY-017,CSIPV-EUSY-017,voltage_sag,136
S000361,94,0.42342342342342343,30,0.13513513513513514,60,0.2702702702702703,90,0.40540540540540543,CSIPV-EUSY-003,CSIPV-EUSY-003,efficiency_decline,222
S000532,70,0.4093567251461988,30,0.17543859649122806,60,0.3508771929824561,90,0.5263157894736842,CSIPV-EUSY-034,CSIPV-EUSY-034,thermal_drift,171
S000227,36,0.4090909090909091,30,0.3409090909090909,52,0.5909090909090909,52,0.5909090909090909,CSIPV-EUSY-003,CSIPV-EUSY-003,efficiency_decline,88
S000267,35,0.4069767441860465,30,0.3488372093023256,51,0.5930232558139535,51,0.5930232558139535,CSIPV-EUSY-019,CSIPV-EUSY-019,mixed_anomaly,86
S000293,48,0.40336134453781514,52,0.4369747899159664,71,0.5966386554621849,71,0.5966386554621849,CSIPV-EUSY-023,CSIPV-EUSY-023,sensor_drift,119
S000303,75,0.4032258064516129,30,0.16129032258064516,60,0.3225806451612903,90,0.4838709677419355,CSIPV-EUSY-037,CSIPV-EUSY-037,mixed_anomaly,186
S000038,47,0.3949579831932773,56,0.47058823529411764,72,0.6050420168067226,72,0.6050420168067226,CSIPV-EUSY-039,CSIPV-EUSY-039,sensor_drift,119
S000456,54,0.39416058394160586,55,0.40145985401459855,83,0.6058394160583942,83,0.6058394160583942,CSIPV-EUSY-039,CSIPV-EUSY-039,sensor_drift,137
S000483,54,0.391304347826087,30,0.21739130434782608,60,0.43478260869565216,84,0.6086956521739131,CSIPV-EUSY-004,CSIPV-EUSY-004,thermal_drift,138
S000536,38,0.3877551020408163,30,0.30612244897959184,60,0.6122448979591837,60,0.6122448979591837,CSIPV-EUSY-013,CSIPV-EUSY-013,efficiency_decline,98
S000476,64,0.3742690058479532,30,0.17543859649122806,60,0.3508771929824561,90,0.5263157894736842,CSIPV-EUSY-039,CSIPV-EUSY-039,mixed_anomaly,171
S000015,89,0.3739495798319328,30,0.12605042016806722,60,0.25210084033613445,90,0.37815126050420167,CSIPV-EUSY-002,CSIPV-EUSY-002,efficiency_decline,238
S000522,40,0.37383177570093457,47,0.4392523364485981,67,0.6261682242990654,67,0.6261682242990654,CSIPV-EUSY-016,CSIPV-EUSY-016,sensor_drift,107
S000103,59,0.3710691823899371,64,0.4025157232704403,94,0.5911949685534591,100,0.6289308176100629,CSIPV-EUSY-012,CSIPV-EUSY-012,sensor_drift,159
S000607,82,0.36771300448430494,30,0.13452914798206278,60,0.26905829596412556,90,0.40358744394618834,CSIPV-EUSY-030,CSIPV-EUSY-030,mixed_anomaly,223
S000218,62,0.36470588235294116,30,0.17647058823529413,60,0.35294117647058826,90,0.5294117647058824,CSIPV-EUSY-036,CSIPV-EUSY-036,efficiency_decline,170
S000508,36,0.36363636363636365,30,0.30303030303030304,60,0.6060606060606061,63,0.6363636363636364,CSIPV-EUSY-036,CSIPV-EUSY-036,thermal_drift,99
S000158,39,0.3611111111111111,30,0.2777777777777778,54,0.5,54,0.5,CSIPV-EUSY-011,CSIPV-EUSY-011,voltage_sag,108
S000233,32,0.35555555555555557,30,0.3333333333333333,58,0.6444444444444445,58,0.6444444444444445,CSIPV-EUSY-020,CSIPV-EUSY-020,mixed_anomaly,90
S000466,67,0.3471502590673575,30,0.15544041450777202,60,0.31088082901554404,90,0.46632124352331605,CSIPV-EUSY-031,CSIPV-EUSY-031,efficiency_decline,193
S000105,29,0.34523809523809523,30,0.35714285714285715,55,0.6547619047619048,55,0.6547619047619048,CSIPV-EUSY-014,CSIPV-EUSY-014,mixed_anomaly,84
S000289,72,0.34285714285714286,30,0.14285714285714285,60,0.2857142857142857,90,0.42857142857142855,CSIPV-EUSY-048,CSIPV-EUSY-048,mixed_anomaly,210
S000109,78,0.3406113537117904,66,0.28820960698689957,96,0.4192139737991266,126,0.5502183406113537,CSIPV-EUSY-038,CSIPV-EUSY-038,sensor_drift,229
S000566,41,0.3360655737704918,30,0.2459016393442623,60,0.4918032786885246,77,0.6311475409836066,CSIPV-EUSY-034,CSIPV-EUSY-034,communication_dropout,122
S000277,34,0.3333333333333333,30,0.29411764705882354,60,0.5882352941176471,61,0.5980392156862745,CSIPV-EUSY-020,CSIPV-EUSY-020,current_instability,102
S000561,67,0.3316831683168317,70,0.3465346534653465,100,0.49504950495049505,130,0.6435643564356436,CSIPV-EUSY-047,CSIPV-EUSY-047,sensor_drift,202
S000541,52,0.3291139240506329,30,0.189873417721519,60,0.379746835443038,90,0.569620253164557,CSIPV-EUSY-039,CSIPV-EUSY-039,efficiency_decline,158
S000598,43,0.3282442748091603,30,0.22900763358778625,60,0.4580152671755725,88,0.6717557251908397,CSIPV-EUSY-018,CSIPV-EUSY-018,mixed_anomaly,131
S000001,61,0.3279569892473118,61,0.3279569892473118,91,0.489247311827957,121,0.6505376344086021,CSIPV-EUSY-017,CSIPV-EUSY-017,sensor_drift,186
S000055,39,0.3277310924369748,30,0.25210084033613445,60,0.5042016806722689,80,0.6722689075630253,CSIPV-EUSY-012,CSIPV-EUSY-012,efficiency_decline,119
S000010,53,0.31736526946107785,30,0.17964071856287425,60,0.3592814371257485,90,0.5389221556886228,CSIPV-EUSY-038,CSIPV-EUSY-038,mixed_anomaly,167
S000093,58,0.31351351351351353,62,0.33513513513513515,92,0.4972972972972973,122,0.6594594594594595,CSIPV-EUSY-032,CSIPV-EUSY-032,sensor_drift,185
S000356,45,0.3125,30,0.20833333333333334,60,0.4166666666666667,90,0.625,CSIPV-EUSY-021,CSIPV-EUSY-021,mixed_anomaly,144
S000165,42,0.3088235294117647,30,0.22058823529411764,49,0.3602941176470588,49,0.3602941176470588,CSIPV-EUSY-025,CSIPV-EUSY-025,voltage_sag,136
S000343,30,0.30612244897959184,30,0.30612244897959184,60,0.6122448979591837,67,0.6836734693877551,CSIPV-EUSY-027,CSIPV-EUSY-027,voltage_sag,98
S000415,66,0.30414746543778803,30,0.1382488479262673,60,0.2764976958525346,68,0.31336405529953915,CSIPV-EUSY-020,CSIPV-EUSY-020,current_instability,217
S000300,66,0.30275229357798167,30,0.13761467889908258,60,0.27522935779816515,90,0.41284403669724773,CSIPV-EUSY-027,CSIPV-EUSY-027,thermal_drift,218
S000088,69,0.3026315789473684,30,0.13157894736842105,60,0.2631578947368421,71,0.31140350877192985,CSIPV-EUSY-050,CSIPV-EUSY-050,current_instability,228
S000053,52,0.30057803468208094,30,0.17341040462427745,60,0.3468208092485549,90,0.5202312138728323,CSIPV-EUSY-030,CSIPV-EUSY-030,thermal_drift,173
S000402,58,0.3005181347150259,62,0.32124352331606215,92,0.47668393782383417,122,0.6321243523316062,CSIPV-EUSY-049,CSIPV-EUSY-049,sensor_drift,193
S000617,50,0.2958579881656805,47,0.2781065088757396,77,0.4556213017751479,107,0.6331360946745562,CSIPV-EUSY-045,CSIPV-EUSY-045,sensor_drift,169
S000321,41,0.2949640287769784,30,0.2158273381294964,40,0.28776978417266186,40,0.28776978417266186,CSIPV-EUSY-025,CSIPV-EUSY-025,voltage_sag,139
S000095,33,0.2894736842105263,25,0.21929824561403508,25,0.21929824561403508,25,0.21929824561403508,CSIPV-EUSY-040,CSIPV-EUSY-040,communication_dropout,114
S000563,63,0.2889908256880734,30,0.13761467889908258,60,0.27522935779816515,90,0.41284403669724773,CSIPV-EUSY-006,CSIPV-EUSY-006,thermal_drift,218
S000324,21,0.2876712328767123,30,0.410958904109589,47,0.6438356164383562,47,0.6438356164383562,CSIPV-EUSY-004,CSIPV-EUSY-004,current_instability,73
S000443,55,0.28061224489795916,30,0.15306122448979592,43,0.2193877551020408,43,0.2193877551020408,CSIPV-EUSY-039,CSIPV-EUSY-039,voltage_sag,196
S000418,46,0.2754491017964072,30,0.17964071856287425,60,0.3592814371257485,65,0.38922155688622756,CSIPV-EUSY-043,CSIPV-EUSY-043,communication_dropout,167
S000432,46,0.26285714285714284,30,0.17142857142857143,60,0.34285714285714286,90,0.5142857142857142,CSIPV-EUSY-017,CSIPV-EUSY-017,current_instability,175
S000078,27,0.2621359223300971,30,0.2912621359223301,43,0.4174757281553398,43,0.4174757281553398,CSIPV-EUSY-047,CSIPV-EUSY-047,voltage_sag,103
S000249,37,0.2569444444444444,55,0.3819444444444444,85,0.5902777777777778,107,0.7430555555555556,CSIPV-EUSY-016,CSIPV-EUSY-016,sensor_drift,144
S000513,47,0.25268817204301075,30,0.16129032258064516,60,0.3225806451612903,90,0.4838709677419355,CSIPV-EUSY-009,CSIPV-EUSY-009,current_instability,186
S000386,17,0.24285714285714285,30,0.42857142857142855,43,0.6142857142857143,43,0.6142857142857143,CSIPV-EUSY-032,CSIPV-EUSY-032,current_instability,70
S000537,17,0.23943661971830985,30,0.4225352112676056,32,0.4507042253521127,32,0.4507042253521127,CSIPV-EUSY-024,CSIPV-EUSY-024,voltage_sag,71
S000304,39,0.23636363636363636,30,0.18181818181818182,52,0.3151515151515151,52,0.3151515151515151,CSIPV-EUSY-031,CSIPV-EUSY-031,current_instability,165
S000423,46,0.23115577889447236,30,0.1507537688442211,50,0.25125628140703515,50,0.25125628140703515,CSIPV-EUSY-011,CSIPV-EUSY-011,current_instability,199
S000247,30,0.22727272727272727,41,0.3106060606060606,71,0.5378787878787878,101,0.7651515151515151,CSIPV-EUSY-038,CSIPV-EUSY-038,sensor_drift,132
S000420,31,0.22627737226277372,51,0.3722627737226277,81,0.5912408759124088,106,0.7737226277372263,CSIPV-EUSY-007,CSIPV-EUSY-007,sensor_drift,137
S000235,39,0.21787709497206703,46,0.2569832402234637,76,0.4245810055865922,106,0.5921787709497207,CSIPV-EUSY-033,CSIPV-EUSY-033,sensor_drift,179
S000196,50,0.21645021645021645,30,0.12987012987012986,60,0.2597402597402597,89,0.3852813852813853,CSIPV-EUSY-045,CSIPV-EUSY-045,voltage_sag,231
S000358,46,0.21296296296296297,30,0.1388888888888889,60,0.2777777777777778,90,0.4166666666666667,CSIPV-EUSY-012,CSIPV-EUSY-012,voltage_sag,216
S000363,23,0.2072072072072072,30,0.2702702702702703,60,0.5405405405405406,72,0.6486486486486487,CSIPV-EUSY-021,CSIPV-EUSY-021,current_instability,111
S000112,19,0.20212765957446807,30,0.3191489361702128,59,0.6276595744680851,59,0.6276595744680851,CSIPV-EUSY-016,CSIPV-EUSY-016,current_instability,94
S000028,27,0.20149253731343283,30,0.22388059701492538,54,0.40298507462686567,54,0.40298507462686567,CSIPV-EUSY-008,CSIPV-EUSY-008,current_instability,134
S000113,15,0.19480519480519481,30,0.38961038961038963,51,0.6623376623376623,51,0.6623376623376623,CSIPV-EUSY-030,CSIPV-EUSY-030,current_instability,77
S000310,42,0.19444444444444445,30,0.1388888888888889,60,0.2777777777777778,90,0.4166666666666667,CSIPV-EUSY-015,CSIPV-EUSY-015,voltage_sag,216
S000336,25,0.18518518518518517,30,0.2222222222222222,60,0.4444444444444444,85,0.6296296296296297,CSIPV-EUSY-011,CSIPV-EUSY-011,voltage_sag,135
S000610,19,0.18446601941747573,30,0.2912621359223301,33,0.32038834951456313,33,0.32038834951456313,CSIPV-EUSY-036,CSIPV-EUSY-036,voltage_sag,103
S000087,31,0.18128654970760233,30,0.17543859649122806,60,0.3508771929824561,84,0.49122807017543857,CSIPV-EUSY-024,CSIPV-EUSY-024,current_instability,171
S000498,32,0.17486338797814208,30,0.16393442622950818,56,0.30601092896174864,56,0.30601092896174864,CSIPV-EUSY-032,CSIPV-EUSY-032,communication_dropout,183
S000301,16,0.17204301075268819,30,0.3225806451612903,38,0.40860215053763443,38,0.40860215053763443,CSIPV-EUSY-034,CSIPV-EUSY-034,communication_dropout,93
S000351,12,0.17142857142857143,30,0.42857142857142855,31,0.44285714285714284,31,0.44285714285714284,CSIPV-EUSY-020,CSIPV-EUSY-020,voltage_sag,70
S000251,43,0.17063492063492064,30,0.11904761904761904,60,0.23809523809523808,90,0.35714285714285715,CSIPV-EUSY-034,CSIPV-EUSY-034,current_instability,252
S000453,37,0.16818181818181818,30,0.13636363636363635,60,0.2727272727272727,90,0.4090909090909091,CSIPV-EUSY-003,CSIPV-EUSY-003,communication_dropout,220
S000121,32,0.16161616161616163,30,0.15151515151515152,60,0.30303030303030304,90,0.45454545454545453,CSIPV-EUSY-020,CSIPV-EUSY-020,communication_dropout,198
S000613,12,0.1518987341772152,30,0.379746835443038,49,0.620253164556962,49,0.620253164556962,CSIPV-EUSY-007,CSIPV-EUSY-007,voltage_sag,79
S000004,35,0.14705882352941177,30,0.12605042016806722,60,0.25210084033613445,90,0.37815126050420167,CSIPV-EUSY-019,CSIPV-EUSY-019,communication_dropout,238
S000180,30,0.13333333333333333,30,0.13333333333333333,60,0.26666666666666666,63,0.28,CSIPV-EUSY-041,CSIPV-EUSY-041,communication_dropout,225
S000261,19,0.10215053763440861,30,0.16129032258064516,60,0.3225806451612903,90,0.4838709677419355,CSIPV-EUSY-014,CSIPV-EUSY-014,communication_dropout,186
S000574,17,0.0913978494623656,30,0.16129032258064516,60,0.3225806451612903,79,0.42473118279569894,CSIPV-EUSY-039,CSIPV-EUSY-039,current_instability,186
S000521,19,0.08597285067873303,30,0.13574660633484162,60,0.27149321266968324,90,0.4072398190045249,CSIPV-EUSY-005,CSIPV-EUSY-005,voltage_sag,221
S000338,13,0.08176100628930817,30,0.18867924528301888,60,0.37735849056603776,71,0.44654088050314467,CSIPV-EUSY-033,CSIPV-EUSY-033,voltage_sag,159
S000142,14,0.07329842931937172,30,0.15706806282722513,60,0.31413612565445026,90,0.4712041884816754,CSIPV-EUSY-036,CSIPV-EUSY-036,current_instability,191
S000385,16,0.0622568093385214,30,0.11673151750972763,60,0.23346303501945526,90,0.35019455252918286,CSIPV-EUSY-026,CSIPV-EUSY-026,communication_dropout,257
S000073,11,0.0514018691588785,30,0.14018691588785046,60,0.2803738317757009,90,0.4205607476635514,CSIPV-EUSY-047,CSIPV-EUSY-047,communication_dropout,214
S000462,11,0.0502283105022831,30,0.136986301369863,60,0.273972602739726,90,0.410958904109589,CSIPV-EUSY-006,CSIPV-EUSY-006,current_instability,219
S000013,0,0.0,0,0.0,0,0.0,0,0.0,CSIPV-EUSY-037,CSIPV-EUSY-037,normal,206
S000014,0,0.0,0,0.0,0,0.0,0,0.0,CSIPV-EUSY-013,CSIPV-EUSY-013,normal,201
S000567,0,0.0,0,0.0,0,0.0,0,0.0,CSIPV-EUSY-004,CSIPV-EUSY-004,normal,112
S000599,0,0.0,0,0.0,0,0.0,0,0.0,CSIPV-EUSY-028,CSIPV-EUSY-028,normal,206
S000016,0,0.0,0,0.0,0,0.0,0,0.0,CSIPV-EUSY-003,CSIPV-EUSY-003,normal,206
S000017,0,0.0,0,0.0,0,0.0,0,0.0,CSIPV-EUSY-006,CSIPV-EUSY-006,normal,237
S000018,0,0.0,0,0.0,0,0.0,0,0.0,CSIPV-EUSY-048,CSIPV-EUSY-048,normal,234
S000019,0,0.0,0,0.0,0,0.0,0,0.0,CSIPV-EUSY-027,CSIPV-EUSY-027,normal,147
S000020,0,0.0,0,0.0,0,0.0,0,0.0,CSIPV-EUSY-037,CSIPV-EUSY-037,normal,100
S000021,0,0.0,0,0.0,0,0.0,0,0.0,CSIPV-EUSY-037,CSIPV-EUSY-037,normal,121
S000022,0,0.0,0,0.0,0,0.0,0,0.0,CSIPV-EUSY-030,CSIPV-EUSY-030,normal,72
S000002,0,0.0,0,0.0,0,0.0,0,0.0,CSIPV-EUSY-035,CSIPV-EUSY-035,normal,88
S000024,0,0.0,0,0.0,0,0.0,0,0.0,CSIPV-EUSY-049,CSIPV-EUSY-049,normal,81
S000025,0,0.0,0,0.0,0,0.0,0,0.0,CSIPV-EUSY-003,CSIPV-EUSY-003,normal,99
S000026,0,0.0,0,0.0,0,0.0,0,0.0,CSIPV-EUSY-016,CSIPV-EUSY-016,normal,137
S000029,0,0.0,0,0.0,0,0.0,0,0.0,CSIPV-EUSY-042,CSIPV-EUSY-042,normal,176
S000030,0,0.0,0,0.0,0,0.0,0,0.0,CSIPV-EUSY-011,CSIPV-EUSY-011,normal,94
S000031,0,0.0,0,0.0,0,0.0,0,0.0,CSIPV-EUSY-034,CSIPV-EUSY-034,normal,136
S000032,0,0.0,0,0.0,0,0.0,0,0.0,CSIPV-EUSY-011,CSIPV-EUSY-011,normal,237
S000033,0,0.0,0,0.0,0,0.0,0,0.0,CSIPV-EUSY-042,CSIPV-EUSY-042,normal,204
S000034,0,0.0,0,0.0,0,0.0,0,0.0,CSIPV-EUSY-036,CSIPV-EUSY-036,normal,204
S000035,0,0.0,0,0.0,0,0.0,0,0.0,CSIPV-EUSY-015,CSIPV-EUSY-015,normal,92
S000036,0,0.0,0,0.0,0,0.0,0,0.0,CSIPV-EUSY-039,CSIPV-EUSY-039,normal,214
S000037,0,0.0,0,0.0,0,0.0,0,0.0,CSIPV-EUSY-035,CSIPV-EUSY-035,normal,190
S000040,0,0.0,0,0.0,0,0.0,0,0.0,CSIPV-EUSY-050,CSIPV-EUSY-050,normal,249
S000041,0,0.0,0,0.0,0,0.0,0,0.0,CSIPV-EUSY-041,CSIPV-EUSY-041,normal,219
S000042,0,0.0,0,0.0,0,0.0,0,0.0,CSIPV-EUSY-030,CSIPV-EUSY-030,normal,79
S000043,0,0.0,0,0.0,0,0.0,0,0.0,CSIPV-EUSY-018,CSIPV-EUSY-018,normal,237
S000044,0,0.0,0,0.0,0,0.0,0,0.0,CSIPV-EUSY-013,CSIPV-EUSY-013,normal,91
S000045,0,0.0,0,0.0,0,0.0,0,0.0,CSIPV-EUSY-027,CSIPV-EUSY-027,normal,146
S000023,0,0.0,0,0.0,0,0.0,0,0.0,CSIPV-EUSY-013,CSIPV-EUSY-013,normal,136
S000048,0,0.0,0,0.0,0,0.0,0,0.0,CSIPV-EUSY-031,CSIPV-EUSY-031,normal,88
S000049,0,0.0,0,0.0,0,0.0,0,0.0,CSIPV-EUSY-005,CSIPV-EUSY-005,normal,113
S000050,0,0.0,0,0.0,0,0.0,0,0.0,CSIPV-EUSY-038,CSIPV-EUSY-038,normal,155
S000051,0,0.0,0,0.0,0,0.0,0,0.0,CSIPV-EUSY-006,CSIPV-EUSY-006,normal,222
S000052,0,0.0,0,0.0,0,0.0,0,0.0,CSIPV-EUSY-015,CSIPV-EUSY-015,normal,96
S000054,0,0.0,0,0.0,0,0.0,0,0.0,CSIPV-EUSY-025,CSIPV-EUSY-025,normal,197
S000056,0,0.0,0,0.0,0,0.0,0,0.0,CSIPV-EUSY-045,CSIPV-EUSY-045,normal,174
S000057,0,0.0,0,0.0,0,0.0,0,0.0,CSIPV-EUSY-040,CSIPV-EUSY-040,normal,123
S000058,0,0.0,0,0.0,0,0.0,0,0.0,CSIPV-EUSY-006,CSIPV-EUSY-006,normal,144
S000059,0,0.0,0,0.0,0,0.0,0,0.0,CSIPV-EUSY-022,CSIPV-EUSY-022,normal,137
S000060,0,0.0,0,0.0,0,0.0,0,0.0,CSIPV-EUSY-010,CSIPV-EUSY-010,normal,149
S000061,0,0.0,0,0.0,0,0.0,0,0.0,CSIPV-EUSY-041,CSIPV-EUSY-041,normal,195
S000062,0,0.0,0,0.0,0,0.0,0,0.0,CSIPV-EUSY-012,CSIPV-EUSY-012,normal,188
S000063,0,0.0,0,0.0,0,0.0,0,0.0,CSIPV-EUSY-027,CSIPV-EUSY-027,normal,171
S000064,0,0.0,0,0.0,0,0.0,0,0.0,CSIPV-EUSY-028,CSIPV-EUSY-028,normal,195
S000065,0,0.0,0,0.0,0,0.0,0,0.0,CSIPV-EUSY-042,CSIPV-EUSY-042,normal,218
S000066,0,0.0,0,0.0,0,0.0,0,0.0,CSIPV-EUSY-047,CSIPV-EUSY-047,normal,195
S000067,0,0.0,0,0.0,0,0.0,0,0.0,CSIPV-EUSY-026,CSIPV-EUSY-026,normal,252
S000068,0,0.0,0,0.0,0,0.0,0,0.0,CSIPV-EUSY-050,CSIPV-EUSY-050,normal,242
S000069,0,0.0,0,0.0,0,0.0,0,0.0,CSIPV-EUSY-026,CSIPV-EUSY-026,normal,153
S000070,0,0.0,0,0.0,0,0.0,0,0.0,CSIPV-EUSY-011,CSIPV-EUSY-011,normal,119
S000071,0,0.0,0,0.0,0,0.0,0,0.0,CSIPV-EUSY-044,CSIPV-EUSY-044,normal,217
S000072,0,0.0,0,0.0,0,0.0,0,0.0,CSIPV-EUSY-001,CSIPV-EUSY-001,normal,91
S000005,0,0.0,0,0.0,0,0.0,0,0.0,CSIPV-EUSY-005,CSIPV-EUSY-005,normal,95
S000074,0,0.0,0,0.0,0,0.0,0,0.0,CSIPV-EUSY-018,CSIPV-EUSY-018,normal,196
S000075,0,0.0,0,0.0,0,0.0,0,0.0,CSIPV-EUSY-014,CSIPV-EUSY-014,normal,110
S000077,0,0.0,0,0.0,0,0.0,0,0.0,CSIPV-EUSY-050,CSIPV-EUSY-050,normal,207
S000079,0,0.0,0,0.0,0,0.0,0,0.0,CSIPV-EUSY-033,CSIPV-EUSY-033,normal,197
S000080,0,0.0,0,0.0,0,0.0,0,0.0,CSIPV-EUSY-046,CSIPV-EUSY-046,normal,84
S000081,0,0.0,0,0.0,0,0.0,0,0.0,CSIPV-EUSY-015,CSIPV-EUSY-015,normal,129
S000082,0,0.0,0,0.0,0,0.0,0,0.0,CSIPV-EUSY-007,CSIPV-EUSY-007,normal,177
S000083,0,0.0,0,0.0,0,0.0,0,0.0,CSIPV-EUSY-034,CSIPV-EUSY-034,normal,136
S000084,0,0.0,0,0.0,0,0.0,0,0.0,CSIPV-EUSY-047,CSIPV-EUSY-047,normal,97
S000085,0,0.0,0,0.0,0,0.0,0,0.0,CSIPV-EUSY-020,CSIPV-EUSY-020,normal,154
S000086,0,0.0,0,0.0,0,0.0,0,0.0,CSIPV-EUSY-046,CSIPV-EUSY-046,normal,104
S000089,0,0.0,0,0.0,0,0.0,0,0.0,CSIPV-EUSY-005,CSIPV-EUSY-005,normal,188
S000090,0,0.0,0,0.0,0,0.0,0,0.0,CSIPV-EUSY-039,CSIPV-EUSY-039,normal,230
S000091,0,0.0,0,0.0,0,0.0,0,0.0,CSIPV-EUSY-016,CSIPV-EUSY-016,normal,102
S000092,0,0.0,0,0.0,0,0.0,0,0.0,CSIPV-EUSY-011,CSIPV-EUSY-011,normal,110
S000094,0,0.0,0,0.0,0,0.0,0,0.0,CSIPV-EUSY-040,CSIPV-EUSY-040,normal,97
S000097,0,0.0,0,0.0,0,0.0,0,0.0,CSIPV-EUSY-008,CSIPV-EUSY-008,normal,246
S000099,0,0.0,0,0.0,0,0.0,0,0.0,CSIPV-EUSY-018,CSIPV-EUSY-018,normal,98
S000100,0,0.0,0,0.0,0,0.0,0,0.0,CSIPV-EUSY-019,CSIPV-EUSY-019,normal,105
S000101,0,0.0,0,0.0,0,0.0,0,0.0,CSIPV-EUSY-014,CSIPV-EUSY-014,normal,131
S000102,0,0.0,0,0.0,0,0.0,0,0.0,CSIPV-EUSY-046,CSIPV-EUSY-046,normal,197
S000104,0,0.0,0,0.0,0,0.0,0,0.0,CSIPV-EUSY-049,CSIPV-EUSY-049,normal,227
S000106,0,0.0,0,0.0,0,0.0,0,0.0,CSIPV-EUSY-033,CSIPV-EUSY-033,normal,129
S000107,0,0.0,0,0.0,0,0.0,0,0.0,CSIPV-EUSY-036,CSIPV-EUSY-036,normal,209
S000108,0,0.0,0,0.0,0,0.0,0,0.0,CSIPV-EUSY-033,CSIPV-EUSY-033,normal,138
S000110,0,0.0,0,0.0,0,0.0,0,0.0,CSIPV-EUSY-028,CSIPV-EUSY-028,normal,161
S000111,0,0.0,0,0.0,0,0.0,0,0.0,CSIPV-EUSY-024,CSIPV-EUSY-024,normal,138
S000114,0,0.0,0,0.0,0,0.0,0,0.0,CSIPV-EUSY-030,CSIPV-EUSY-030,normal,188
S000115,0,0.0,0,0.0,0,0.0,0,0.0,CSIPV-EUSY-020,CSIPV-EUSY-020,normal,139
S000116,0,0.0,0,0.0,0,0.0,0,0.0,CSIPV-EUSY-017,CSIPV-EUSY-017,normal,251
S000118,0,0.0,0,0.0,0,0.0,0,0.0,CSIPV-EUSY-013,CSIPV-EUSY-013,normal,96
S000119,0,0.0,0,0.0,0,0.0,0,0.0,CSIPV-EUSY-048,CSIPV-EUSY-048,normal,228
S000120,0,0.0,0,0.0,0,0.0,0,0.0,CSIPV-EUSY-006,CSIPV-EUSY-006,normal,95
S000122,0,0.0,0,0.0,0,0.0,0,0.0,CSIPV-EUSY-018,CSIPV-EUSY-018,normal,97
S000123,0,0.0,0,0.0,0,0.0,0,0.0,CSIPV-EUSY-024,CSIPV-EUSY-024,normal,140
S000124,0,0.0,0,0.0,0,0.0,0,0.0,CSIPV-EUSY-022,CSIPV-EUSY-022,normal,175
S000125,0,0.0,0,0.0,0,0.0,0,0.0,CSIPV-EUSY-041,CSIPV-EUSY-041,normal,102
S000126,0,0.0,0,0.0,0,0.0,0,0.0,CSIPV-EUSY-045,CSIPV-EUSY-045,normal,224
S000127,0,0.0,0,0.0,0,0.0,0,0.0,CSIPV-EUSY-007,CSIPV-EUSY-007,normal,94
S000128,0,0.0,0,0.0,0,0.0,0,0.0,CSIPV-EUSY-046,CSIPV-EUSY-046,normal,157
S000129,0,0.0,0,0.0,0,0.0,0,0.0,CSIPV-EUSY-007,CSIPV-EUSY-007,normal,224
S000130,0,0.0,0,0.0,0,0.0,0,0.0,CSIPV-EUSY-032,CSIPV-EUSY-032,normal,154
S000131,0,0.0,0,0.0,0,0.0,0,0.0,CSIPV-EUSY-031,CSIPV-EUSY-031,normal,138
S000132,0,0.0,0,0.0,0,0.0,0,0.0,CSIPV-EUSY-025,CSIPV-EUSY-025,normal,241
S000133,0,0.0,0,0.0,0,0.0,0,0.0,CSIPV-EUSY-001,CSIPV-EUSY-001,normal,132
S000134,0,0.0,0,0.0,0,0.0,0,0.0,CSIPV-EUSY-033,CSIPV-EUSY-033,normal,206
S000135,0,0.0,0,0.0,0,0.0,0,0.0,CSIPV-EUSY-025,CSIPV-EUSY-025,normal,148
S000136,0,0.0,0,0.0,0,0.0,0,0.0,CSIPV-EUSY-046,CSIPV-EUSY-046,normal,129
S000137,0,0.0,0,0.0,0,0.0,0,0.0,CSIPV-EUSY-018,CSIPV-EUSY-018,normal,127
S000138,0,0.0,0,0.0,0,0.0,0,0.0,CSIPV-EUSY-020,CSIPV-EUSY-020,normal,197
S000140,0,0.0,0,0.0,0,0.0,0,0.0,CSIPV-EUSY-029,CSIPV-EUSY-029,normal,84
S000141,0,0.0,0,0.0,0,0.0,0,0.0,CSIPV-EUSY-046,CSIPV-EUSY-046,normal,193
S000143,0,0.0,0,0.0,0,0.0,0,0.0,CSIPV-EUSY-020,CSIPV-EUSY-020,normal,128
S000145,0,0.0,0,0.0,0,0.0,0,0.0,CSIPV-EUSY-026,CSIPV-EUSY-026,normal,180
S000146,0,0.0,0,0.0,0,0.0,0,0.0,CSIPV-EUSY-026,CSIPV-EUSY-026,normal,113
S000147,0,0.0,0,0.0,0,0.0,0,0.0,CSIPV-EUSY-021,CSIPV-EUSY-021,normal,110
S000148,0,0.0,0,0.0,0,0.0,0,0.0,CSIPV-EUSY-006,CSIPV-EUSY-006,normal,163
S000149,0,0.0,0,0.0,0,0.0,0,0.0,CSIPV-EUSY-043,CSIPV-EUSY-043,normal,108
S000150,0,0.0,0,0.0,0,0.0,0,0.0,CSIPV-EUSY-033,CSIPV-EUSY-033,normal,116
S000151,0,0.0,0,0.0,0,0.0,0,0.0,CSIPV-EUSY-032,CSIPV-EUSY-032,normal,113
S000152,0,0.0,0,0.0,0,0.0,0,0.0,CSIPV-EUSY-009,CSIPV-EUSY-009,normal,220
S000153,0,0.0,0,0.0,0,0.0,0,0.0,CSIPV-EUSY-010,CSIPV-EUSY-010,normal,163
S000155,0,0.0,0,0.0,0,0.0,0,0.0,CSIPV-EUSY-024,CSIPV-EUSY-024,normal,114
S000156,0,0.0,0,0.0,0,0.0,0,0.0,CSIPV-EUSY-040,CSIPV-EUSY-040,normal,116
S000157,0,0.0,0,0.0,0,0.0,0,0.0,CSIPV-EUSY-010,CSIPV-EUSY-010,normal,129
S000159,0,0.0,0,0.0,0,0.0,0,0.0,CSIPV-EUSY-024,CSIPV-EUSY-024,normal,256
S000160,0,0.0,0,0.0,0,0.0,0,0.0,CSIPV-EUSY-021,CSIPV-EUSY-021,normal,195
S000161,0,0.0,0,0.0,0,0.0,0,0.0,CSIPV-EUSY-017,CSIPV-EUSY-017,normal,200
S000162,0,0.0,0,0.0,0,0.0,0,0.0,CSIPV-EUSY-026,CSIPV-EUSY-026,normal,162
S000163,0,0.0,0,0.0,0,0.0,0,0.0,CSIPV-EUSY-001,CSIPV-EUSY-001,normal,230
S000164,0,0.0,0,0.0,0,0.0,0,0.0,CSIPV-EUSY-024,CSIPV-EUSY-024,normal,111
S000166,0,0.0,0,0.0,0,0.0,0,0.0,CSIPV-EUSY-024,CSIPV-EUSY-024,normal,79
S000167,0,0.0,0,0.0,0,0.0,0,0.0,CSIPV-EUSY-017,CSIPV-EUSY-017,normal,96
S000168,0,0.0,0,0.0,0,0.0,0,0.0,CSIPV-EUSY-040,CSIPV-EUSY-040,normal,178
S000169,0,0.0,0,0.0,0,0.0,0,0.0,CSIPV-EUSY-035,CSIPV-EUSY-035,normal,233
S000170,0,0.0,0,0.0,0,0.0,0,0.0,CSIPV-EUSY-001,CSIPV-EUSY-001,normal,135
S000171,0,0.0,0,0.0,0,0.0,0,0.0,CSIPV-EUSY-029,CSIPV-EUSY-029,normal,119
S000172,0,0.0,0,0.0,0,0.0,0,0.0,CSIPV-EUSY-032,CSIPV-EUSY-032,normal,103
S000173,0,0.0,0,0.0,0,0.0,0,0.0,CSIPV-EUSY-048,CSIPV-EUSY-048,normal,136
S000174,0,0.0,0,0.0,0,0.0,0,0.0,CSIPV-EUSY-012,CSIPV-EUSY-012,normal,234
S000175,0,0.0,0,0.0,0,0.0,0,0.0,CSIPV-EUSY-002,CSIPV-EUSY-002,normal,236
S000176,0,0.0,0,0.0,0,0.0,0,0.0,CSIPV-EUSY-042,CSIPV-EUSY-042,normal,133
S000177,0,0.0,0,0.0,0,0.0,0,0.0,CSIPV-EUSY-013,CSIPV-EUSY-013,normal,89
S000178,0,0.0,0,0.0,0,0.0,0,0.0,CSIPV-EUSY-015,CSIPV-EUSY-015,normal,199
S000179,0,0.0,0,0.0,0,0.0,0,0.0,CSIPV-EUSY-046,CSIPV-EUSY-046,normal,177
S000181,0,0.0,0,0.0,0,0.0,0,0.0,CSIPV-EUSY-048,CSIPV-EUSY-048,normal,191
S000182,0,0.0,0,0.0,0,0.0,0,0.0,CSIPV-EUSY-008,CSIPV-EUSY-008,normal,233
S000183,0,0.0,0,0.0,0,0.0,0,0.0,CSIPV-EUSY-030,CSIPV-EUSY-030,normal,167
S000184,0,0.0,0,0.0,0,0.0,0,0.0,CSIPV-EUSY-005,CSIPV-EUSY-005,normal,145
S000185,0,0.0,0,0.0,0,0.0,0,0.0,CSIPV-EUSY-039,CSIPV-EUSY-039,normal,248
S000186,0,0.0,0,0.0,0,0.0,0,0.0,CSIPV-EUSY-007,CSIPV-EUSY-007,normal,109
S000187,0,0.0,0,0.0,0,0.0,0,0.0,CSIPV-EUSY-033,CSIPV-EUSY-033,normal,199
S000188,0,0.0,0,0.0,0,0.0,0,0.0,CSIPV-EUSY-028,CSIPV-EUSY-028,normal,195
S000189,0,0.0,0,0.0,0,0.0,0,0.0,CSIPV-EUSY-002,CSIPV-EUSY-002,normal,130
S000190,0,0.0,0,0.0,0,0.0,0,0.0,CSIPV-EUSY-011,CSIPV-EUSY-011,normal,163
S000191,0,0.0,0,0.0,0,0.0,0,0.0,CSIPV-EUSY-027,CSIPV-EUSY-027,normal,127
S000192,0,0.0,0,0.0,0,0.0,0,0.0,CSIPV-EUSY-031,CSIPV-EUSY-031,normal,89
S000194,0,0.0,0,0.0,0,0.0,0,0.0,CSIPV-EUSY-047,CSIPV-EUSY-047,normal,177
S000195,0,0.0,0,0.0,0,0.0,0,0.0,CSIPV-EUSY-020,CSIPV-EUSY-020,normal,228
S000197,0,0.0,0,0.0,0,0.0,0,0.0,CSIPV-EUSY-047,CSIPV-EUSY-047,normal,224
S000198,0,0.0,0,0.0,0,0.0,0,0.0,CSIPV-EUSY-031,CSIPV-EUSY-031,normal,166
S000199,0,0.0,0,0.0,0,0.0,0,0.0,CSIPV-EUSY-003,CSIPV-EUSY-003,normal,221
S000200,0,0.0,0,0.0,0,0.0,0,0.0,CSIPV-EUSY-043,CSIPV-EUSY-043,normal,145
S000201,0,0.0,0,0.0,0,0.0,0,0.0,CSIPV-EUSY-015,CSIPV-EUSY-015,normal,141
S000202,0,0.0,0,0.0,0,0.0,0,0.0,CSIPV-EUSY-013,CSIPV-EUSY-013,normal,184
S000203,0,0.0,0,0.0,0,0.0,0,0.0,CSIPV-EUSY-006,CSIPV-EUSY-006,normal,155
S000204,0,0.0,0,0.0,0,0.0,0,0.0,CSIPV-EUSY-010,CSIPV-EUSY-010,normal,96
S000205,0,0.0,0,0.0,0,0.0,0,0.0,CSIPV-EUSY-025,CSIPV-EUSY-025,normal,129
S000206,0,0.0,0,0.0,0,0.0,0,0.0,CSIPV-EUSY-018,CSIPV-EUSY-018,normal,220
S000207,0,0.0,0,0.0,0,0.0,0,0.0,CSIPV-EUSY-016,CSIPV-EUSY-016,normal,143
S000208,0,0.0,0,0.0,0,0.0,0,0.0,CSIPV-EUSY-022,CSIPV-EUSY-022,normal,111
S000311,0,0.0,0,0.0,0,0.0,0,0.0,CSIPV-EUSY-030,CSIPV-EUSY-030,normal,87
S000314,0,0.0,0,0.0,0,0.0,0,0.0,CSIPV-EUSY-019,CSIPV-EUSY-019,normal,170
S000315,0,0.0,0,0.0,0,0.0,0,0.0,CSIPV-EUSY-031,CSIPV-EUSY-031,normal,134
S000316,0,0.0,0,0.0,0,0.0,0,0.0,CSIPV-EUSY-014,CSIPV-EUSY-014,normal,114
S000317,0,0.0,0,0.0,0,0.0,0,0.0,CSIPV-EUSY-018,CSIPV-EUSY-018,normal,159
S000318,0,0.0,0,0.0,0,0.0,0,0.0,CSIPV-EUSY-031,CSIPV-EUSY-031,normal,142
S000319,0,0.0,0,0.0,0,0.0,0,0.0,CSIPV-EUSY-044,CSIPV-EUSY-044,normal,80
S000320,0,0.0,0,0.0,0,0.0,0,0.0,CSIPV-EUSY-018,CSIPV-EUSY-018,normal,217
S000309,0,0.0,0,0.0,0,0.0,0,0.0,CSIPV-EUSY-044,CSIPV-EUSY-044,normal,115
S000322,0,0.0,0,0.0,0,0.0,0,0.0,CSIPV-EUSY-016,CSIPV-EUSY-016,normal,87
S000323,0,0.0,0,0.0,0,0.0,0,0.0,CSIPV-EUSY-043,CSIPV-EUSY-043,normal,120
S000308,0,0.0,0,0.0,0,0.0,0,0.0,CSIPV-EUSY-038,CSIPV-EUSY-038,normal,220
S000325,0,0.0,0,0.0,0,0.0,0,0.0,CSIPV-EUSY-015,CSIPV-EUSY-015,normal,94
S000326,0,0.0,0,0.0,0,0.0,0,0.0,CSIPV-EUSY-016,CSIPV-EUSY-016,normal,242
S000327,0,0.0,0,0.0,0,0.0,0,0.0,CSIPV-EUSY-027,CSIPV-EUSY-027,normal,126
S000328,0,0.0,0,0.0,0,0.0,0,0.0,CSIPV-EUSY-033,CSIPV-EUSY-033,normal,149
S000329,0,0.0,0,0.0,0,0.0,0,0.0,CSIPV-EUSY-028,CSIPV-EUSY-028,normal,174
S000330,0,0.0,0,0.0,0,0.0,0,0.0,CSIPV-EUSY-041,CSIPV-EUSY-041,normal,117
S000331,0,0.0,0,0.0,0,0.0,0,0.0,CSIPV-EUSY-036,CSIPV-EUSY-036,normal,191
S000332,0,0.0,0,0.0,0,0.0,0,0.0,CSIPV-EUSY-016,CSIPV-EUSY-016,normal,231
S000333,0,0.0,0,0.0,0,0.0,0,0.0,CSIPV-EUSY-017,CSIPV-EUSY-017,normal,254
S000334,0,0.0,0,0.0,0,0.0,0,0.0,CSIPV-EUSY-014,CSIPV-EUSY-014,normal,112
S000335,0,0.0,0,0.0,0,0.0,0,0.0,CSIPV-EUSY-041,CSIPV-EUSY-041,normal,101
S000307,0,0.0,0,0.0,0,0.0,0,0.0,CSIPV-EUSY-001,CSIPV-EUSY-001,normal,194
S000337,0,0.0,0,0.0,0,0.0,0,0.0,CSIPV-EUSY-034,CSIPV-EUSY-034,normal,245
S000339,0,0.0,0,0.0,0,0.0,0,0.0,CSIPV-EUSY-030,CSIPV-EUSY-030,normal,251
S000306,0,0.0,0,0.0,0,0.0,0,0.0,CSIPV-EUSY-013,CSIPV-EUSY-013,normal,221
S000341,0,0.0,0,0.0,0,0.0,0,0.0,CSIPV-EUSY-009,CSIPV-EUSY-009,normal,153
S000342,0,0.0,0,0.0,0,0.0,0,0.0,CSIPV-EUSY-033,CSIPV-EUSY-033,normal,94
S000305,0,0.0,0,0.0,0,0.0,0,0.0,CSIPV-EUSY-022,CSIPV-EUSY-022,normal,117
S000344,0,0.0,0,0.0,0,0.0,0,0.0,CSIPV-EUSY-043,CSIPV-EUSY-043,normal,142
S000345,0,0.0,0,0.0,0,0.0,0,0.0,CSIPV-EUSY-028,CSIPV-EUSY-028,normal,230
S000346,0,0.0,0,0.0,0,0.0,0,0.0,CSIPV-EUSY-018,CSIPV-EUSY-018,normal,167
S000347,0,0.0,0,0.0,0,0.0,0,0.0,CSIPV-EUSY-045,CSIPV-EUSY-045,normal,173
S000348,0,0.0,0,0.0,0,0.0,0,0.0,CSIPV-EUSY-007,CSIPV-EUSY-007,normal,176
S000349,0,0.0,0,0.0,0,0.0,0,0.0,CSIPV-EUSY-004,CSIPV-EUSY-004,normal,158
S000350,0,0.0,0,0.0,0,0.0,0,0.0,CSIPV-EUSY-037,CSIPV-EUSY-037,normal,223
S000302,0,0.0,0,0.0,0,0.0,0,0.0,CSIPV-EUSY-020,CSIPV-EUSY-020,normal,236
S000352,0,0.0,0,0.0,0,0.0,0,0.0,CSIPV-EUSY-048,CSIPV-EUSY-048,normal,120
S000353,0,0.0,0,0.0,0,0.0,0,0.0,CSIPV-EUSY-031,CSIPV-EUSY-031,normal,167
S000354,0,0.0,0,0.0,0,0.0,0,0.0,CSIPV-EUSY-010,CSIPV-EUSY-010,normal,210
S000355,0,0.0,0,0.0,0,0.0,0,0.0,CSIPV-EUSY-035,CSIPV-EUSY-035,normal,165
S000299,0,0.0,0,0.0,0,0.0,0,0.0,CSIPV-EUSY-038,CSIPV-EUSY-038,normal,112
S000357,0,0.0,0,0.0,0,0.0,0,0.0,CSIPV-EUSY-045,CSIPV-EUSY-045,normal,105
S000296,0,0.0,0,0.0,0,0.0,0,0.0,CSIPV-EUSY-050,CSIPV-EUSY-050,normal,78
S000359,0,0.0,0,0.0,0,0.0,0,0.0,CSIPV-EUSY-035,CSIPV-EUSY-035,normal,81
S000360,0,0.0,0,0.0,0,0.0,0,0.0,CSIPV-EUSY-032,CSIPV-EUSY-032,normal,245
S000294,0,0.0,0,0.0,0,0.0,0,0.0,CSIPV-EUSY-029,CSIPV-EUSY-029,normal,174
S000362,0,0.0,0,0.0,0,0.0,0,0.0,CSIPV-EUSY-024,CSIPV-EUSY-024,normal,158
S000291,0,0.0,0,0.0,0,0.0,0,0.0,CSIPV-EUSY-016,CSIPV-EUSY-016,normal,131
S000364,0,0.0,0,0.0,0,0.0,0,0.0,CSIPV-EUSY-049,CSIPV-EUSY-049,normal,248
S000365,0,0.0,0,0.0,0,0.0,0,0.0,CSIPV-EUSY-007,CSIPV-EUSY-007,normal,185
S000366,0,0.0,0,0.0,0,0.0,0,0.0,CSIPV-EUSY-017,CSIPV-EUSY-017,normal,146
S000367,0,0.0,0,0.0,0,0.0,0,0.0,CSIPV-EUSY-048,CSIPV-EUSY-048,normal,231
S000368,0,0.0,0,0.0,0,0.0,0,0.0,CSIPV-EUSY-029,CSIPV-EUSY-029,normal,190
S000369,0,0.0,0,0.0,0,0.0,0,0.0,CSIPV-EUSY-011,CSIPV-EUSY-011,normal,152
S000370,0,0.0,0,0.0,0,0.0,0,0.0,CSIPV-EUSY-008,CSIPV-EUSY-008,normal,182
S000371,0,0.0,0,0.0,0,0.0,0,0.0,CSIPV-EUSY-020,CSIPV-EUSY-020,normal,223
S000372,0,0.0,0,0.0,0,0.0,0,0.0,CSIPV-EUSY-004,CSIPV-EUSY-004,normal,229
S000373,0,0.0,0,0.0,0,0.0,0,0.0,CSIPV-EUSY-020,CSIPV-EUSY-020,normal,177
S000374,0,0.0,0,0.0,0,0.0,0,0.0,CSIPV-EUSY-036,CSIPV-EUSY-036,normal,187
S000375,0,0.0,0,0.0,0,0.0,0,0.0,CSIPV-EUSY-012,CSIPV-EUSY-012,normal,184
S000376,0,0.0,0,0.0,0,0.0,0,0.0,CSIPV-EUSY-010,CSIPV-EUSY-010,normal,177
S000377,0,0.0,0,0.0,0,0.0,0,0.0,CSIPV-EUSY-019,CSIPV-EUSY-019,normal,161
S000378,0,0.0,0,0.0,0,0.0,0,0.0,CSIPV-EUSY-005,CSIPV-EUSY-005,normal,212
S000379,0,0.0,0,0.0,0,0.0,0,0.0,CSIPV-EUSY-003,CSIPV-EUSY-003,normal,249
S000290,0,0.0,0,0.0,0,0.0,0,0.0,CSIPV-EUSY-003,CSIPV-EUSY-003,normal,98
S000288,0,0.0,0,0.0,0,0.0,0,0.0,CSIPV-EUSY-021,CSIPV-EUSY-021,normal,158
S000382,0,0.0,0,0.0,0,0.0,0,0.0,CSIPV-EUSY-045,CSIPV-EUSY-045,normal,160
S000383,0,0.0,0,0.0,0,0.0,0,0.0,CSIPV-EUSY-040,CSIPV-EUSY-040,normal,186
S000384,0,0.0,0,0.0,0,0.0,0,0.0,CSIPV-EUSY-004,CSIPV-EUSY-004,normal,184
S000006,0,0.0,0,0.0,0,0.0,0,0.0,CSIPV-EUSY-015,CSIPV-EUSY-015,normal,226
S000286,0,0.0,0,0.0,0,0.0,0,0.0,CSIPV-EUSY-027,CSIPV-EUSY-027,normal,141
S000387,0,0.0,0,0.0,0,0.0,0,0.0,CSIPV-EUSY-033,CSIPV-EUSY-033,normal,151
S000388,0,0.0,0,0.0,0,0.0,0,0.0,CSIPV-EUSY-009,CSIPV-EUSY-009,normal,176
S000389,0,0.0,0,0.0,0,0.0,0,0.0,CSIPV-EUSY-049,CSIPV-EUSY-049,normal,237
S000390,0,0.0,0,0.0,0,0.0,0,0.0,CSIPV-EUSY-016,CSIPV-EUSY-016,normal,228
S000391,0,0.0,0,0.0,0,0.0,0,0.0,CSIPV-EUSY-047,CSIPV-EUSY-047,normal,135
S000392,0,0.0,0,0.0,0,0.0,0,0.0,CSIPV-EUSY-011,CSIPV-EUSY-011,normal,91
S000285,0,0.0,0,0.0,0,0.0,0,0.0,CSIPV-EUSY-036,CSIPV-EUSY-036,normal,99
S000394,0,0.0,0,0.0,0,0.0,0,0.0,CSIPV-EUSY-018,CSIPV-EUSY-018,normal,253
S000283,0,0.0,0,0.0,0,0.0,0,0.0,CSIPV-EUSY-003,CSIPV-EUSY-003,normal,173
S000396,0,0.0,0,0.0,0,0.0,0,0.0,CSIPV-EUSY-032,CSIPV-EUSY-032,normal,113
S000397,0,0.0,0,0.0,0,0.0,0,0.0,CSIPV-EUSY-039,CSIPV-EUSY-039,normal,245
S000398,0,0.0,0,0.0,0,0.0,0,0.0,CSIPV-EUSY-024,CSIPV-EUSY-024,normal,238
S000399,0,0.0,0,0.0,0,0.0,0,0.0,CSIPV-EUSY-031,CSIPV-EUSY-031,normal,138
S000400,0,0.0,0,0.0,0,0.0,0,0.0,CSIPV-EUSY-024,CSIPV-EUSY-024,normal,172
S000401,0,0.0,0,0.0,0,0.0,0,0.0,CSIPV-EUSY-007,CSIPV-EUSY-007,normal,196
S000282,0,0.0,0,0.0,0,0.0,0,0.0,CSIPV-EUSY-041,CSIPV-EUSY-041,normal,202
S000281,0,0.0,0,0.0,0,0.0,0,0.0,CSIPV-EUSY-028,CSIPV-EUSY-028,normal,104
S000404,0,0.0,0,0.0,0,0.0,0,0.0,CSIPV-EUSY-043,CSIPV-EUSY-043,normal,205
S000405,0,0.0,0,0.0,0,0.0,0,0.0,CSIPV-EUSY-038,CSIPV-EUSY-038,normal,204
S000406,0,0.0,0,0.0,0,0.0,0,0.0,CSIPV-EUSY-009,CSIPV-EUSY-009,normal,169
S000280,0,0.0,0,0.0,0,0.0,0,0.0,CSIPV-EUSY-023,CSIPV-EUSY-023,normal,148
S000408,0,0.0,0,0.0,0,0.0,0,0.0,CSIPV-EUSY-043,CSIPV-EUSY-043,normal,239
S000409,0,0.0,0,0.0,0,0.0,0,0.0,CSIPV-EUSY-047,CSIPV-EUSY-047,normal,77
S000410,0,0.0,0,0.0,0,0.0,0,0.0,CSIPV-EUSY-050,CSIPV-EUSY-050,normal,133
S000411,0,0.0,0,0.0,0,0.0,0,0.0,CSIPV-EUSY-045,CSIPV-EUSY-045,normal,133
S000412,0,0.0,0,0.0,0,0.0,0,0.0,CSIPV-EUSY-006,CSIPV-EUSY-006,normal,231
S000413,0,0.0,0,0.0,0,0.0,0,0.0,CSIPV-EUSY-002,CSIPV-EUSY-002,normal,205
S000279,0,0.0,0,0.0,0,0.0,0,0.0,CSIPV-EUSY-043,CSIPV-EUSY-043,normal,105
S000278,0,0.0,0,0.0,0,0.0,0,0.0,CSIPV-EUSY-046,CSIPV-EUSY-046,normal,173
S000276,0,0.0,0,0.0,0,0.0,0,0.0,CSIPV-EUSY-044,CSIPV-EUSY-044,normal,157
S000417,0,0.0,0,0.0,0,0.0,0,0.0,CSIPV-EUSY-040,CSIPV-EUSY-040,normal,141
S000275,0,0.0,0,0.0,0,0.0,0,0.0,CSIPV-EUSY-025,CSIPV-EUSY-025,normal,198
S000274,0,0.0,0,0.0,0,0.0,0,0.0,CSIPV-EUSY-010,CSIPV-EUSY-010,normal,101
S000273,0,0.0,0,0.0,0,0.0,0,0.0,CSIPV-EUSY-042,CSIPV-EUSY-042,normal,131
S000421,0,0.0,0,0.0,0,0.0,0,0.0,CSIPV-EUSY-039,CSIPV-EUSY-039,normal,222
S000422,0,0.0,0,0.0,0,0.0,0,0.0,CSIPV-EUSY-026,CSIPV-EUSY-026,normal,168
S000272,0,0.0,0,0.0,0,0.0,0,0.0,CSIPV-EUSY-005,CSIPV-EUSY-005,normal,120
S000424,0,0.0,0,0.0,0,0.0,0,0.0,CSIPV-EUSY-037,CSIPV-EUSY-037,normal,134
S000425,0,0.0,0,0.0,0,0.0,0,0.0,CSIPV-EUSY-011,CSIPV-EUSY-011,normal,134
S000271,0,0.0,0,0.0,0,0.0,0,0.0,CSIPV-EUSY-005,CSIPV-EUSY-005,normal,101
S000427,0,0.0,0,0.0,0,0.0,0,0.0,CSIPV-EUSY-012,CSIPV-EUSY-012,normal,154
S000428,0,0.0,0,0.0,0,0.0,0,0.0,CSIPV-EUSY-010,CSIPV-EUSY-010,normal,170
S000429,0,0.0,0,0.0,0,0.0,0,0.0,CSIPV-EUSY-025,CSIPV-EUSY-025,normal,207
S000430,0,0.0,0,0.0,0,0.0,0,0.0,CSIPV-EUSY-032,CSIPV-EUSY-032,normal,70
S000431,0,0.0,0,0.0,0,0.0,0,0.0,CSIPV-EUSY-049,CSIPV-EUSY-049,normal,251
S000270,0,0.0,0,0.0,0,0.0,0,0.0,CSIPV-EUSY-001,CSIPV-EUSY-001,normal,194
S000269,0,0.0,0,0.0,0,0.0,0,0.0,CSIPV-EUSY-035,CSIPV-EUSY-035,normal,159
S000434,0,0.0,0,0.0,0,0.0,0,0.0,CSIPV-EUSY-046,CSIPV-EUSY-046,normal,176
S000435,0,0.0,0,0.0,0,0.0,0,0.0,CSIPV-EUSY-035,CSIPV-EUSY-035,normal,241
S000436,0,0.0,0,0.0,0,0.0,0,0.0,CSIPV-EUSY-023,CSIPV-EUSY-023,normal,225
S000437,0,0.0,0,0.0,0,0.0,0,0.0,CSIPV-EUSY-030,CSIPV-EUSY-030,normal,73
S000438,0,0.0,0,0.0,0,0.0,0,0.0,CSIPV-EUSY-012,CSIPV-EUSY-012,normal,146
S000266,0,0.0,0,0.0,0,0.0,0,0.0,CSIPV-EUSY-045,CSIPV-EUSY-045,normal,85
S000440,0,0.0,0,0.0,0,0.0,0,0.0,CSIPV-EUSY-009,CSIPV-EUSY-009,normal,136
S000441,0,0.0,0,0.0,0,0.0,0,0.0,CSIPV-EUSY-042,CSIPV-EUSY-042,normal,108
S000442,0,0.0,0,0.0,0,0.0,0,0.0,CSIPV-EUSY-013,CSIPV-EUSY-013,normal,242
S000264,0,0.0,0,0.0,0,0.0,0,0.0,CSIPV-EUSY-045,CSIPV-EUSY-045,normal,147
S000444,0,0.0,0,0.0,0,0.0,0,0.0,CSIPV-EUSY-037,CSIPV-EUSY-037,normal,183
S000445,0,0.0,0,0.0,0,0.0,0,0.0,CSIPV-EUSY-048,CSIPV-EUSY-048,normal,245
S000263,0,0.0,0,0.0,0,0.0,0,0.0,CSIPV-EUSY-014,CSIPV-EUSY-014,normal,130
S000447,0,0.0,0,0.0,0,0.0,0,0.0,CSIPV-EUSY-048,CSIPV-EUSY-048,normal,81
S000448,0,0.0,0,0.0,0,0.0,0,0.0,CSIPV-EUSY-001,CSIPV-EUSY-001,normal,171
S000449,0,0.0,0,0.0,0,0.0,0,0.0,CSIPV-EUSY-037,CSIPV-EUSY-037,normal,203
S000450,0,0.0,0,0.0,0,0.0,0,0.0,CSIPV-EUSY-028,CSIPV-EUSY-028,normal,138
S000451,0,0.0,0,0.0,0,0.0,0,0.0,CSIPV-EUSY-004,CSIPV-EUSY-004,normal,105
S000452,0,0.0,0,0.0,0,0.0,0,0.0,CSIPV-EUSY-021,CSIPV-EUSY-021,normal,112
S000262,0,0.0,0,0.0,0,0.0,0,0.0,CSIPV-EUSY-044,CSIPV-EUSY-044,normal,181
S000007,0,0.0,0,0.0,0,0.0,0,0.0,CSIPV-EUSY-019,CSIPV-EUSY-019,normal,160
S000455,0,0.0,0,0.0,0,0.0,0,0.0,CSIPV-EUSY-048,CSIPV-EUSY-048,normal,190
S000260,0,0.0,0,0.0,0,0.0,0,0.0,CSIPV-EUSY-019,CSIPV-EUSY-019,normal,111
S000457,0,0.0,0,0.0,0,0.0,0,0.0,CSIPV-EUSY-050,CSIPV-EUSY-050,normal,128
S000458,0,0.0,0,0.0,0,0.0,0,0.0,CSIPV-EUSY-015,CSIPV-EUSY-015,normal,174
S000259,0,0.0,0,0.0,0,0.0,0,0.0,CSIPV-EUSY-045,CSIPV-EUSY-045,normal,137
S000460,0,0.0,0,0.0,0,0.0,0,0.0,CSIPV-EUSY-030,CSIPV-EUSY-030,normal,169
S000461,0,0.0,0,0.0,0,0.0,0,0.0,CSIPV-EUSY-039,CSIPV-EUSY-039,normal,125
S000008,0,0.0,0,0.0,0,0.0,0,0.0,CSIPV-EUSY-038,CSIPV-EUSY-038,normal,196
S000463,0,0.0,0,0.0,0,0.0,0,0.0,CSIPV-EUSY-021,CSIPV-EUSY-021,normal,220
S000464,0,0.0,0,0.0,0,0.0,0,0.0,CSIPV-EUSY-016,CSIPV-EUSY-016,normal,133
S000258,0,0.0,0,0.0,0,0.0,0,0.0,CSIPV-EUSY-023,CSIPV-EUSY-023,normal,79
S000257,0,0.0,0,0.0,0,0.0,0,0.0,CSIPV-EUSY-006,CSIPV-EUSY-006,normal,204
S000256,0,0.0,0,0.0,0,0.0,0,0.0,CSIPV-EUSY-003,CSIPV-EUSY-003,normal,203
S000468,0,0.0,0,0.0,0,0.0,0,0.0,CSIPV-EUSY-012,CSIPV-EUSY-012,normal,241
S000255,0,0.0,0,0.0,0,0.0,0,0.0,CSIPV-EUSY-006,CSIPV-EUSY-006,normal,248
S000470,0,0.0,0,0.0,0,0.0,0,0.0,CSIPV-EUSY-045,CSIPV-EUSY-045,normal,75
S000471,0,0.0,0,0.0,0,0.0,0,0.0,CSIPV-EUSY-003,CSIPV-EUSY-003,normal,150
S000472,0,0.0,0,0.0,0,0.0,0,0.0,CSIPV-EUSY-048,CSIPV-EUSY-048,normal,243
S000473,0,0.0,0,0.0,0,0.0,0,0.0,CSIPV-EUSY-045,CSIPV-EUSY-045,normal,198
S000254,0,0.0,0,0.0,0,0.0,0,0.0,CSIPV-EUSY-045,CSIPV-EUSY-045,normal,156
S000475,0,0.0,0,0.0,0,0.0,0,0.0,CSIPV-EUSY-036,CSIPV-EUSY-036,normal,228
S000253,0,0.0,0,0.0,0,0.0,0,0.0,CSIPV-EUSY-013,CSIPV-EUSY-013,normal,248
S000477,0,0.0,0,0.0,0,0.0,0,0.0,CSIPV-EUSY-029,CSIPV-EUSY-029,normal,259
S000252,0,0.0,0,0.0,0,0.0,0,0.0,CSIPV-EUSY-046,CSIPV-EUSY-046,normal,221
S000479,0,0.0,0,0.0,0,0.0,0,0.0,CSIPV-EUSY-046,CSIPV-EUSY-046,normal,167
S000480,0,0.0,0,0.0,0,0.0,0,0.0,CSIPV-EUSY-047,CSIPV-EUSY-047,normal,130
S000481,0,0.0,0,0.0,0,0.0,0,0.0,CSIPV-EUSY-036,CSIPV-EUSY-036,normal,258
S000482,0,0.0,0,0.0,0,0.0,0,0.0,CSIPV-EUSY-011,CSIPV-EUSY-011,normal,127
S000250,0,0.0,0,0.0,0,0.0,0,0.0,CSIPV-EUSY-009,CSIPV-EUSY-009,normal,205
S000484,0,0.0,0,0.0,0,0.0,0,0.0,CSIPV-EUSY-022,CSIPV-EUSY-022,normal,204
S000485,0,0.0,0,0.0,0,0.0,0,0.0,CSIPV-EUSY-032,CSIPV-EUSY-032,normal,110
S000486,0,0.0,0,0.0,0,0.0,0,0.0,CSIPV-EUSY-012,CSIPV-EUSY-012,normal,119
S000487,0,0.0,0,0.0,0,0.0,0,0.0,CSIPV-EUSY-029,CSIPV-EUSY-029,normal,120
S000488,0,0.0,0,0.0,0,0.0,0,0.0,CSIPV-EUSY-015,CSIPV-EUSY-015,normal,243
S000489,0,0.0,0,0.0,0,0.0,0,0.0,CSIPV-EUSY-034,CSIPV-EUSY-034,normal,199
S000490,0,0.0,0,0.0,0,0.0,0,0.0,CSIPV-EUSY-041,CSIPV-EUSY-041,normal,141
S000491,0,0.0,0,0.0,0,0.0,0,0.0,CSIPV-EUSY-032,CSIPV-EUSY-032,normal,125
S000492,0,0.0,0,0.0,0,0.0,0,0.0,CSIPV-EUSY-025,CSIPV-EUSY-025,normal,172
S000493,0,0.0,0,0.0,0,0.0,0,0.0,CSIPV-EUSY-021,CSIPV-EUSY-021,normal,241
S000494,0,0.0,0,0.0,0,0.0,0,0.0,CSIPV-EUSY-032,CSIPV-EUSY-032,normal,81
S000495,0,0.0,0,0.0,0,0.0,0,0.0,CSIPV-EUSY-031,CSIPV-EUSY-031,normal,110
S000496,0,0.0,0,0.0,0,0.0,0,0.0,CSIPV-EUSY-025,CSIPV-EUSY-025,normal,219
S000497,0,0.0,0,0.0,0,0.0,0,0.0,CSIPV-EUSY-003,CSIPV-EUSY-003,normal,250
S000248,0,0.0,0,0.0,0,0.0,0,0.0,CSIPV-EUSY-026,CSIPV-EUSY-026,normal,212
S000499,0,0.0,0,0.0,0,0.0,0,0.0,CSIPV-EUSY-047,CSIPV-EUSY-047,normal,183
S000500,0,0.0,0,0.0,0,0.0,0,0.0,CSIPV-EUSY-005,CSIPV-EUSY-005,normal,193
S000501,0,0.0,0,0.0,0,0.0,0,0.0,CSIPV-EUSY-034,CSIPV-EUSY-034,normal,232
S000246,0,0.0,0,0.0,0,0.0,0,0.0,CSIPV-EUSY-005,CSIPV-EUSY-005,normal,165
S000503,0,0.0,0,0.0,0,0.0,0,0.0,CSIPV-EUSY-005,CSIPV-EUSY-005,normal,144
S000504,0,0.0,0,0.0,0,0.0,0,0.0,CSIPV-EUSY-038,CSIPV-EUSY-038,normal,88
S000505,0,0.0,0,0.0,0,0.0,0,0.0,CSIPV-EUSY-004,CSIPV-EUSY-004,normal,94
S000506,0,0.0,0,0.0,0,0.0,0,0.0,CSIPV-EUSY-043,CSIPV-EUSY-043,normal,124
S000507,0,0.0,0,0.0,0,0.0,0,0.0,CSIPV-EUSY-020,CSIPV-EUSY-020,normal,203
S000245,0,0.0,0,0.0,0,0.0,0,0.0,CSIPV-EUSY-028,CSIPV-EUSY-028,normal,74
S000509,0,0.0,0,0.0,0,0.0,0,0.0,CSIPV-EUSY-016,CSIPV-EUSY-016,normal,222
S000510,0,0.0,0,0.0,0,0.0,0,0.0,CSIPV-EUSY-041,CSIPV-EUSY-041,normal,215
S000511,0,0.0,0,0.0,0,0.0,0,0.0,CSIPV-EUSY-004,CSIPV-EUSY-004,normal,92
S000512,0,0.0,0,0.0,0,0.0,0,0.0,CSIPV-EUSY-021,CSIPV-EUSY-021,normal,200
S000244,0,0.0,0,0.0,0,0.0,0,0.0,CSIPV-EUSY-008,CSIPV-EUSY-008,normal,165
S000514,0,0.0,0,0.0,0,0.0,0,0.0,CSIPV-EUSY-037,CSIPV-EUSY-037,normal,197
S000515,0,0.0,0,0.0,0,0.0,0,0.0,CSIPV-EUSY-035,CSIPV-EUSY-035,normal,79
S000516,0,0.0,0,0.0,0,0.0,0,0.0,CSIPV-EUSY-025,CSIPV-EUSY-025,normal,88
S000517,0,0.0,0,0.0,0,0.0,0,0.0,CSIPV-EUSY-003,CSIPV-EUSY-003,normal,154
S000518,0,0.0,0,0.0,0,0.0,0,0.0,CSIPV-EUSY-028,CSIPV-EUSY-028,normal,246
S000519,0,0.0,0,0.0,0,0.0,0,0.0,CSIPV-EUSY-006,CSIPV-EUSY-006,normal,236
S000520,0,0.0,0,0.0,0,0.0,0,0.0,CSIPV-EUSY-019,CSIPV-EUSY-019,normal,117
S000009,0,0.0,0,0.0,0,0.0,0,0.0,CSIPV-EUSY-014,CSIPV-EUSY-014,normal,251
S000243,0,0.0,0,0.0,0,0.0,0,0.0,CSIPV-EUSY-009,CSIPV-EUSY-009,normal,190
S000523,0,0.0,0,0.0,0,0.0,0,0.0,CSIPV-EUSY-041,CSIPV-EUSY-041,normal,170
S000524,0,0.0,0,0.0,0,0.0,0,0.0,CSIPV-EUSY-050,CSIPV-EUSY-050,normal,230
S000525,0,0.0,0,0.0,0,0.0,0,0.0,CSIPV-EUSY-039,CSIPV-EUSY-039,normal,97
S000526,0,0.0,0,0.0,0,0.0,0,0.0,CSIPV-EUSY-024,CSIPV-EUSY-024,normal,91
S000527,0,0.0,0,0.0,0,0.0,0,0.0,CSIPV-EUSY-023,CSIPV-EUSY-023,normal,210
S000528,0,0.0,0,0.0,0,0.0,0,0.0,CSIPV-EUSY-001,CSIPV-EUSY-001,normal,112
S000529,0,0.0,0,0.0,0,0.0,0,0.0,CSIPV-EUSY-013,CSIPV-EUSY-013,normal,112
S000530,0,0.0,0,0.0,0,0.0,0,0.0,CSIPV-EUSY-039,CSIPV-EUSY-039,normal,259
S000531,0,0.0,0,0.0,0,0.0,0,0.0,CSIPV-EUSY-013,CSIPV-EUSY-013,normal,78
S000241,0,0.0,0,0.0,0,0.0,0,0.0,CSIPV-EUSY-007,CSIPV-EUSY-007,normal,149
S000533,0,0.0,0,0.0,0,0.0,0,0.0,CSIPV-EUSY-045,CSIPV-EUSY-045,normal,143
S000534,0,0.0,0,0.0,0,0.0,0,0.0,CSIPV-EUSY-003,CSIPV-EUSY-003,normal,173
S000535,0,0.0,0,0.0,0,0.0,0,0.0,CSIPV-EUSY-043,CSIPV-EUSY-043,normal,226
S000240,0,0.0,0,0.0,0,0.0,0,0.0,CSIPV-EUSY-023,CSIPV-EUSY-023,normal,152
S000239,0,0.0,0,0.0,0,0.0,0,0.0,CSIPV-EUSY-025,CSIPV-EUSY-025,normal,198
S000538,0,0.0,0,0.0,0,0.0,0,0.0,CSIPV-EUSY-006,CSIPV-EUSY-006,normal,118
S000539,0,0.0,0,0.0,0,0.0,0,0.0,CSIPV-EUSY-009,CSIPV-EUSY-009,normal,196
S000540,0,0.0,0,0.0,0,0.0,0,0.0,CSIPV-EUSY-047,CSIPV-EUSY-047,normal,126
S000238,0,0.0,0,0.0,0,0.0,0,0.0,CSIPV-EUSY-005,CSIPV-EUSY-005,normal,216
S000542,0,0.0,0,0.0,0,0.0,0,0.0,CSIPV-EUSY-031,CSIPV-EUSY-031,normal,108
S000543,0,0.0,0,0.0,0,0.0,0,0.0,CSIPV-EUSY-033,CSIPV-EUSY-033,normal,234
S000544,0,0.0,0,0.0,0,0.0,0,0.0,CSIPV-EUSY-004,CSIPV-EUSY-004,normal,113
S000545,0,0.0,0,0.0,0,0.0,0,0.0,CSIPV-EUSY-039,CSIPV-EUSY-039,normal,82
S000469,0,0.0,0,0.0,0,0.0,0,0.0,CSIPV-EUSY-014,CSIPV-EUSY-014,normal,249
S000547,0,0.0,0,0.0,0,0.0,0,0.0,CSIPV-EUSY-046,CSIPV-EUSY-046,normal,84
S000548,0,0.0,0,0.0,0,0.0,0,0.0,CSIPV-EUSY-049,CSIPV-EUSY-049,normal,132
S000549,0,0.0,0,0.0,0,0.0,0,0.0,CSIPV-EUSY-037,CSIPV-EUSY-037,normal,237
S000550,0,0.0,0,0.0,0,0.0,0,0.0,CSIPV-EUSY-003,CSIPV-EUSY-003,normal,223
S000551,0,0.0,0,0.0,0,0.0,0,0.0,CSIPV-EUSY-038,CSIPV-EUSY-038,normal,226
S000552,0,0.0,0,0.0,0,0.0,0,0.0,CSIPV-EUSY-008,CSIPV-EUSY-008,normal,245
S000553,0,0.0,0,0.0,0,0.0,0,0.0,CSIPV-EUSY-007,CSIPV-EUSY-007,normal,169
S000554,0,0.0,0,0.0,0,0.0,0,0.0,CSIPV-EUSY-036,CSIPV-EUSY-036,normal,196
S000555,0,0.0,0,0.0,0,0.0,0,0.0,CSIPV-EUSY-050,CSIPV-EUSY-050,normal,75
S000556,0,0.0,0,0.0,0,0.0,0,0.0,CSIPV-EUSY-017,CSIPV-EUSY-017,normal,214
S000557,0,0.0,0,0.0,0,0.0,0,0.0,CSIPV-EUSY-030,CSIPV-EUSY-030,normal,99
S000236,0,0.0,0,0.0,0,0.0,0,0.0,CSIPV-EUSY-043,CSIPV-EUSY-043,normal,194
S000559,0,0.0,0,0.0,0,0.0,0,0.0,CSIPV-EUSY-041,CSIPV-EUSY-041,normal,121
S000560,0,0.0,0,0.0,0,0.0,0,0.0,CSIPV-EUSY-008,CSIPV-EUSY-008,normal,78
S000234,0,0.0,0,0.0,0,0.0,0,0.0,CSIPV-EUSY-047,CSIPV-EUSY-047,normal,175
S000562,0,0.0,0,0.0,0,0.0,0,0.0,CSIPV-EUSY-046,CSIPV-EUSY-046,normal,195
S000232,0,0.0,0,0.0,0,0.0,0,0.0,CSIPV-EUSY-014,CSIPV-EUSY-014,normal,129
S000231,0,0.0,0,0.0,0,0.0,0,0.0,CSIPV-EUSY-050,CSIPV-EUSY-050,normal,144
S000565,0,0.0,0,0.0,0,0.0,0,0.0,CSIPV-EUSY-023,CSIPV-EUSY-023,normal,117
S000228,0,0.0,0,0.0,0,0.0,0,0.0,CSIPV-EUSY-008,CSIPV-EUSY-008,normal,227
S000591,0,0.0,0,0.0,0,0.0,0,0.0,CSIPV-EUSY-006,CSIPV-EUSY-006,normal,81
S000568,0,0.0,0,0.0,0,0.0,0,0.0,CSIPV-EUSY-022,CSIPV-EUSY-022,normal,107
S000226,0,0.0,0,0.0,0,0.0,0,0.0,CSIPV-EUSY-010,CSIPV-EUSY-010,normal,104
S000570,0,0.0,0,0.0,0,0.0,0,0.0,CSIPV-EUSY-008,CSIPV-EUSY-008,normal,206
S000571,0,0.0,0,0.0,0,0.0,0,0.0,CSIPV-EUSY-021,CSIPV-EUSY-021,normal,99
S000225,0,0.0,0,0.0,0,0.0,0,0.0,CSIPV-EUSY-001,CSIPV-EUSY-001,normal,182
S000224,0,0.0,0,0.0,0,0.0,0,0.0,CSIPV-EUSY-032,CSIPV-EUSY-032,normal,89
S000011,0,0.0,0,0.0,0,0.0,0,0.0,CSIPV-EUSY-047,CSIPV-EUSY-047,normal,150
S000575,0,0.0,0,0.0,0,0.0,0,0.0,CSIPV-EUSY-036,CSIPV-EUSY-036,normal,89
S000576,0,0.0,0,0.0,0,0.0,0,0.0,CSIPV-EUSY-002,CSIPV-EUSY-002,normal,195
S000577,0,0.0,0,0.0,0,0.0,0,0.0,CSIPV-EUSY-010,CSIPV-EUSY-010,normal,193
S000578,0,0.0,0,0.0,0,0.0,0,0.0,CSIPV-EUSY-039,CSIPV-EUSY-039,normal,89
S000579,0,0.0,0,0.0,0,0.0,0,0.0,CSIPV-EUSY-050,CSIPV-EUSY-050,normal,84
S000580,0,0.0,0,0.0,0,0.0,0,0.0,CSIPV-EUSY-042,CSIPV-EUSY-042,normal,114
S000581,0,0.0,0,0.0,0,0.0,0,0.0,CSIPV-EUSY-017,CSIPV-EUSY-017,normal,100
S000582,0,0.0,0,0.0,0,0.0,0,0.0,CSIPV-EUSY-041,CSIPV-EUSY-041,normal,185
S000583,0,0.0,0,0.0,0,0.0,0,0.0,CSIPV-EUSY-011,CSIPV-EUSY-011,normal,160
S000223,0,0.0,0,0.0,0,0.0,0,0.0,CSIPV-EUSY-050,CSIPV-EUSY-050,normal,89
S000585,0,0.0,0,0.0,0,0.0,0,0.0,CSIPV-EUSY-050,CSIPV-EUSY-050,normal,173
S000586,0,0.0,0,0.0,0,0.0,0,0.0,CSIPV-EUSY-025,CSIPV-EUSY-025,normal,198
S000587,0,0.0,0,0.0,0,0.0,0,0.0,CSIPV-EUSY-029,CSIPV-EUSY-029,normal,102
S000588,0,0.0,0,0.0,0,0.0,0,0.0,CSIPV-EUSY-023,CSIPV-EUSY-023,normal,97
S000589,0,0.0,0,0.0,0,0.0,0,0.0,CSIPV-EUSY-044,CSIPV-EUSY-044,normal,166
S000590,0,0.0,0,0.0,0,0.0,0,0.0,CSIPV-EUSY-016,CSIPV-EUSY-016,normal,228
S000222,0,0.0,0,0.0,0,0.0,0,0.0,CSIPV-EUSY-040,CSIPV-EUSY-040,normal,103
S000592,0,0.0,0,0.0,0,0.0,0,0.0,CSIPV-EUSY-019,CSIPV-EUSY-019,normal,165
S000593,0,0.0,0,0.0,0,0.0,0,0.0,CSIPV-EUSY-003,CSIPV-EUSY-003,normal,223
S000594,0,0.0,0,0.0,0,0.0,0,0.0,CSIPV-EUSY-022,CSIPV-EUSY-022,normal,102
S000595,0,0.0,0,0.0,0,0.0,0,0.0,CSIPV-EUSY-035,CSIPV-EUSY-035,normal,108
S000596,0,0.0,0,0.0,0,0.0,0,0.0,CSIPV-EUSY-010,CSIPV-EUSY-010,normal,157
S000221,0,0.0,0,0.0,0,0.0,0,0.0,CSIPV-EUSY-003,CSIPV-EUSY-003,normal,87
S000220,0,0.0,0,0.0,0,0.0,0,0.0,CSIPV-EUSY-028,CSIPV-EUSY-028,normal,229
S000623,0,0.0,0,0.0,0,0.0,0,0.0,CSIPV-EUSY-049,CSIPV-EUSY-049,normal,17
S000600,0,0.0,0,0.0,0,0.0,0,0.0,CSIPV-EUSY-005,CSIPV-EUSY-005,normal,77
S000601,0,0.0,0,0.0,0,0.0,0,0.0,CSIPV-EUSY-004,CSIPV-EUSY-004,normal,160
S000602,0,0.0,0,0.0,0,0.0,0,0.0,CSIPV-EUSY-007,CSIPV-EUSY-007,normal,197
S000603,0,0.0,0,0.0,0,0.0,0,0.0,CSIPV-EUSY-035,CSIPV-EUSY-035,normal,102
S000604,0,0.0,0,0.0,0,0.0,0,0.0,CSIPV-EUSY-004,CSIPV-EUSY-004,normal,132
S000605,0,0.0,0,0.0,0,0.0,0,0.0,CSIPV-EUSY-024,CSIPV-EUSY-024,normal,207
S000606,0,0.0,0,0.0,0,0.0,0,0.0,CSIPV-EUSY-018,CSIPV-EUSY-018,normal,120
S000217,0,0.0,0,0.0,0,0.0,0,0.0,CSIPV-EUSY-012,CSIPV-EUSY-012,normal,111
S000216,0,0.0,0,0.0,0,0.0,0,0.0,CSIPV-EUSY-011,CSIPV-EUSY-011,normal,120
S000609,0,0.0,0,0.0,0,0.0,0,0.0,CSIPV-EUSY-001,CSIPV-EUSY-001,normal,135
S000215,0,0.0,0,0.0,0,0.0,0,0.0,CSIPV-EUSY-020,CSIPV-EUSY-020,normal,229
S000611,0,0.0,0,0.0,0,0.0,0,0.0,CSIPV-EUSY-041,CSIPV-EUSY-041,normal,70
S000213,0,0.0,0,0.0,0,0.0,0,0.0,CSIPV-EUSY-026,CSIPV-EUSY-026,normal,75
S000212,0,0.0,0,0.0,0,0.0,0,0.0,CSIPV-EUSY-033,CSIPV-EUSY-033,normal,231
S000614,0,0.0,0,0.0,0,0.0,0,0.0,CSIPV-EUSY-005,CSIPV-EUSY-005,normal,161
S000615,0,0.0,0,0.0,0,0.0,0,0.0,CSIPV-EUSY-035,CSIPV-EUSY-035,normal,152
S000616,0,0.0,0,0.0,0,0.0,0,0.0,CSIPV-EUSY-018,CSIPV-EUSY-018,normal,80
S000211,0,0.0,0,0.0,0,0.0,0,0.0,CSIPV-EUSY-015,CSIPV-EUSY-015,normal,232
S000618,0,0.0,0,0.0,0,0.0,0,0.0,CSIPV-EUSY-015,CSIPV-EUSY-015,normal,122
S000619,0,0.0,0,0.0,0,0.0,0,0.0,CSIPV-EUSY-042,CSIPV-EUSY-042,normal,253
S000209,0,0.0,0,0.0,0,0.0,0,0.0,CSIPV-EUSY-027,CSIPV-EUSY-027,normal,130
S000621,0,0.0,0,0.0,0,0.0,0,0.0,CSIPV-EUSY-050,CSIPV-EUSY-050,normal,227
S000622,0,0.0,0,0.0,0,0.0,0,0.0,CSIPV-EUSY-045,CSIPV-EUSY-045,normal,191
S000546,0,0.0,0,0.0,0,0.0,0,0.0,CSIPV-EUSY-022,CSIPV-EUSY-022,normal,206
